{
	"textures": {
		"1": "block/lily_pad",
		"2_1": "block/lily_lotus"
	},
	"elements": [
		{
			"name": "lily_pad1_0",
			"from": [2, 1, 2],
			"to": [8, 2, 15],
			"faces": {
				"north": {"uv": [2, 2, 8, 3], "texture": "#1"},
				"east": {
					"uv": [9, 2, 10, 15],
					"texture": "#1",
					"rotation": 90
				},
				"south": {"uv": [2, 2, 8, 3], "texture": "#1"},
				"west": {
					"uv": [2, 2, 8, 3],
					"texture": "#1",
					"rotation": 270
				},
				"up": {"uv": [2, 2, 8, 15], "texture": "#1"},
				"down": {
					"uv": [9, 2, 15, 15],
					"texture": "#1",
					"rotation": 180
				}
			},
			"type": "cube"
		},
		{
			"name": "lily_pad1_1",
			"from": [9, 1, 2],
			"to": [15, 2, 15],
			"faces": {
				"north": {"uv": [8, 2, 2, 3], "texture": "#1"},
				"east": {
					"uv": [3, 2, 2, 15],
					"texture": "#1",
					"rotation": 90
				},
				"south": {"uv": [8, 2, 2, 3], "texture": "#1"},
				"west": {
					"uv": [8, 2, 7, 15],
					"texture": "#1",
					"rotation": 270
				},
				"up": {"uv": [8, 2, 2, 15], "texture": "#1"},
				"down": {
					"uv": [15, 2, 9, 15],
					"texture": "#1",
					"rotation": 180
				}
			},
			"type": "cube"
		},
		{
			"name": "lily_pad1_2",
			"from": [8, 1, 8],
			"to": [9, 2, 15],
			"faces": {
				"north": {
					"uv": [2, 2, 3, 3],
					"texture": "#1",
					"rotation": 270
				},
				"east": {
					"uv": [2, 2, 3, 9],
					"texture": "#1",
					"rotation": 270
				},
				"south": {
					"uv": [2, 2, 3, 3],
					"texture": "#1",
					"rotation": 270
				},
				"west": {
					"uv": [2, 2, 3, 9],
					"texture": "#1",
					"rotation": 270
				},
				"up": {
					"uv": [2, 2, 3, 9],
					"texture": "#1",
					"rotation": 270
				},
				"down": {
					"uv": [2, 2, 3, 9],
					"texture": "#1",
					"rotation": 270
				}
			},
			"type": "cube"
		},
		{
			"name": "stem",
			"from": [8, 0, 8],
			"to": [9, 1, 9],
			"faces": {
				"north": {"uv": [2, 2, 3, 3], "texture": "#1"},
				"east": {"uv": [2, 2, 3, 3], "texture": "#1"},
				"south": {"uv": [2, 2, 3, 3], "texture": "#1"},
				"west": {"uv": [2, 2, 3, 3], "texture": "#1"},
				"up": {"uv": [2, 2, 3, 3], "texture": "#1"},
				"down": {"uv": [2, 2, 3, 3], "texture": "#1"}
			},
			"type": "cube"
		},
		{
			"name": "stem",
			"from": [8, 0, 6],
			"to": [9, 5, 7],
			"faces": {
				"north": {"uv": [2, 11, 3, 16], "texture": "#2_1"},
				"east": {"uv": [2, 11, 3, 16], "texture": "#2_1"},
				"south": {"uv": [2, 11, 3, 16], "texture": "#2_1"},
				"west": {"uv": [2, 11, 3, 16], "texture": "#2_1"},
				"up": {"uv": [2, 11, 3, 12], "texture": "#2_1"},
				"down": {"uv": [2, 11, 3, 12], "texture": "#2_1"}
			},
			"type": "cube"
		},
		{
			"name": "seedpod",
			"from": [7, 5, 5],
			"to": [10, 6, 8],
			"faces": {
				"north": {"uv": [4, 7, 7, 8], "texture": "#2_1"},
				"east": {"uv": [4, 7, 7, 8], "texture": "#2_1"},
				"south": {"uv": [4, 7, 7, 8], "texture": "#2_1"},
				"west": {"uv": [4, 7, 7, 8], "texture": "#2_1"},
				"up": {"uv": [8, 7, 11, 10], "texture": "#2_1"},
				"down": {"uv": [0, 7, 3, 10], "texture": "#2_1"}
			},
			"type": "cube"
		},
		{
			"name": "petal4",
			"from": [5.5, 5.5, 5],
			"to": [6.5, 8.5, 8],
			"faces": {
				"north": {"uv": [0, 0, 1, 3], "texture": "#2_1"},
				"east": {"uv": [0, 0, 3, 3], "texture": "#2_1"},
				"south": {"uv": [0, 0, 1, 3], "texture": "#2_1"},
				"west": {"uv": [0, 0, 3, 3], "texture": "#2_1"},
				"up": {"uv": [0, 0, 3, 1], "texture": "#2_1"},
				"down": {"uv": [0, 2, 3, 3], "texture": "#2_1"}
			},
			"rotation": {
				"origin": [6, 7, 6.5],
				"axis": "z",
				"angle": 22.5
			},
			"type": "cube"
		},
		{
			"name": "petal3",
			"from": [10.5, 5.5, 5],
			"to": [11.5, 8.5, 8],
			"faces": {
				"north": {"uv": [0, 0, 1, 3], "texture": "#2_1"},
				"east": {"uv": [0, 0, 3, 3], "texture": "#2_1"},
				"south": {"uv": [0, 0, 1, 3], "texture": "#2_1"},
				"west": {"uv": [0, 0, 3, 3], "texture": "#2_1"},
				"up": {"uv": [0, 0, 3, 1], "texture": "#2_1"},
				"down": {"uv": [0, 2, 3, 3], "texture": "#2_1"}
			},
			"rotation": {
				"origin": [11, 7, 6.5],
				"axis": "z",
				"angle": -22.5
			},
			"type": "cube"
		},
		{
			"name": "petal2",
			"from": [7, 5.5, 8.5],
			"to": [10, 8.5, 9.5],
			"faces": {
				"north": {"uv": [0, 0, 3, 3], "texture": "#2_1"},
				"east": {"uv": [0, 0, 1, 3], "texture": "#2_1"},
				"south": {"uv": [0, 0, 3, 3], "texture": "#2_1"},
				"west": {"uv": [0, 0, 1, 3], "texture": "#2_1"},
				"up": {"uv": [0, 0, 3, 1], "texture": "#2_1"},
				"down": {"uv": [0, 2, 3, 3], "texture": "#2_1"}
			},
			"rotation": {
				"origin": [8.5, 7, 9],
				"axis": "x",
				"angle": 22.5
			},
			"type": "cube"
		},
		{
			"name": "petal1",
			"from": [7, 5.5, 3.5],
			"to": [10, 8.5, 4.5],
			"faces": {
				"north": {"uv": [0, 0, 3, 3], "texture": "#2_1"},
				"east": {"uv": [0, 0, 1, 3], "texture": "#2_1"},
				"south": {"uv": [0, 0, 3, 3], "texture": "#2_1"},
				"west": {"uv": [0, 0, 1, 3], "texture": "#2_1"},
				"up": {"uv": [0, 0, 3, 1], "texture": "#2_1"},
				"down": {"uv": [0, 2, 3, 3], "texture": "#2_1"}
			},
			"rotation": {
				"origin": [8.5, 7, 4],
				"axis": "x",
				"angle": -22.5
			},
			"type": "cube"
		},
		{
			"name": "anther4",
			"from": [9, 6, 7],
			"to": [10, 7, 8],
			"faces": {
				"north": {"uv": [12, 7, 13, 8], "texture": "#2_1"},
				"east": {"uv": [12, 7, 13, 8], "texture": "#2_1"},
				"south": {"uv": [12, 7, 13, 8], "texture": "#2_1"},
				"west": {"uv": [12, 7, 13, 8], "texture": "#2_1"},
				"up": {"uv": [12, 7, 13, 8], "texture": "#2_1"},
				"down": {"uv": [12, 7, 13, 8], "texture": "#2_1"}
			},
			"type": "cube"
		},
		{
			"name": "anther3",
			"from": [7, 6, 7],
			"to": [8, 7, 8],
			"faces": {
				"north": {"uv": [12, 7, 13, 8], "texture": "#2_1"},
				"east": {"uv": [12, 7, 13, 8], "texture": "#2_1"},
				"south": {"uv": [12, 7, 13, 8], "texture": "#2_1"},
				"west": {"uv": [12, 7, 13, 8], "texture": "#2_1"},
				"up": {"uv": [12, 7, 13, 8], "texture": "#2_1"},
				"down": {"uv": [12, 7, 13, 8], "texture": "#2_1"}
			},
			"type": "cube"
		},
		{
			"name": "anther2",
			"from": [9, 6, 5],
			"to": [10, 7, 6],
			"faces": {
				"north": {"uv": [12, 7, 13, 8], "texture": "#2_1"},
				"east": {"uv": [12, 7, 13, 8], "texture": "#2_1"},
				"south": {"uv": [12, 7, 13, 8], "texture": "#2_1"},
				"west": {"uv": [12, 7, 13, 8], "texture": "#2_1"},
				"up": {"uv": [12, 7, 13, 8], "texture": "#2_1"},
				"down": {"uv": [12, 7, 13, 8], "texture": "#2_1"}
			},
			"type": "cube"
		},
		{
			"name": "anther1",
			"from": [7, 6, 5],
			"to": [8, 7, 6],
			"faces": {
				"north": {"uv": [12, 7, 13, 8], "texture": "#2_1"},
				"east": {"uv": [12, 7, 13, 8], "texture": "#2_1"},
				"south": {"uv": [12, 7, 13, 8], "texture": "#2_1"},
				"west": {"uv": [12, 7, 13, 8], "texture": "#2_1"},
				"up": {"uv": [12, 7, 13, 8], "texture": "#2_1"},
				"down": {"uv": [12, 7, 13, 8], "texture": "#2_1"}
			},
			"type": "cube"
		}
	],
	"groups": [
		{
			"name": "lotus",
			"isOpen": true,
			"display": {"visibility": true, "autouv": true},
			"children": [0, 1, 2, 3]
		},
		{
			"name": "lotus",
			"isOpen": false,
			"display": {"visibility": true, "autouv": true},
			"children": [4, 5, 6, 7, 8, 9, 10, 11, 12, 13]
		}
	]
}
