{
  "namespace": "bed",

  // Screen //

  "in_bed_screen@common.base_screen": {
    "controls": [
      {
        "background": {
          "type": "image",
          "size": [ "100%", "100%" ],
          "texture": "textures/gui/newgui/White",
          "color": [ 0.0, 0.0, 0.0 ],
          "alpha": 0.5,
          "uv_size": [ 1, 1 ],
          "nineslice_size": 1
        }
      },
      {
        "sleeping": {
          "type": "label",
          "anchor_from": "top_middle",
          "anchor_to": "top_middle",
          "offset": [ 0, "25%" ],
          "text": "sleep.doing.msg",
          "shadow": true,
          "font_size": "large"
        }
      },
      {
        "wake_up_button_panel": {
          "type": "panel",
          "size": [ 128, "15%" ],
          "anchor_from": "bottom_middle",
          "anchor_to": "bottom_middle",
          "offset": [ 0, "-15.0%" ],
          "controls": [
            {
              "wake_up_button@common_buttons.light_text_form_fitting_button": {
                "layer": 1,
                // Size is defaulted to the size of the text fitting on one line
                // Must specify a max size for layout to solve
                "$button_text_max_size": [ 120, 10 ],
                "$button_text": "multiplayer.stopSleeping",
                "button_mappings": [
                  {
                    "from_button_id": "button.menu_select",
                    "to_button_id": "button.wake_up_button",
                    "mapping_type": "pressed"
                  },
                  {
                    "from_button_id": "button.menu_ok",
                    "to_button_id": "button.wake_up_button",
                    "mapping_type": "pressed"
                  }
                ]
              }
            }
          ]
        }
      },
      {
        "select_button@death.a_button": {
          "layer": 1,
          "offset": [ 0, "-5%" ]
        }
      }
    ]
  }
}