{
    "variants": {
        "normal": [ 
            { "model": "lily_pad", "weight":12 }, { "model": "lily_pad", "y": 90, "weight":12 }, { "model": "lily_pad", "y": 180, "weight":12 }, { "model": "lily_pad", "y": 270, "weight":12 },
            { "model": "lily_pad1", "weight":2 }, { "model": "lily_pad1", "y": 90, "weight":2 }, { "model": "lily_pad1", "y": 180, "weight":2 }, { "model": "lily_pad1", "y": 270, "weight":2 },
            { "model": "lily_pad2", "weight":1 }, { "model": "lily_pad2", "y": 90, "weight":1 }, { "model": "lily_pad2", "y": 180, "weight":1 }, { "model": "lily_pad2", "y": 270, "weight":1 },
            { "model": "lily_pad3", "weight":2 }, { "model": "lily_pad3", "y": 90, "weight":2 }, { "model": "lily_pad3", "y": 180, "weight":2 }, { "model": "lily_pad3", "y": 270, "weight":2 },
            { "model": "lily_pad4", "weight":1 }, { "model": "lily_pad4", "y": 90, "weight":1 }, { "model": "lily_pad4", "y": 180, "weight":1 }, { "model": "lily_pad4", "y": 270, "weight":1 }
         ]
    }
}
