{
    "variants": {
        "normal": [ 
            { "model": "lily_pad", "weight":36 }, { "model": "lily_pad", "y": 90, "weight":36 }, { "model": "lily_pad", "y": 180, "weight":36 }, { "model": "lily_pad", "y": 270, "weight":36 },
            { "model": "lily_pad1", "weight":6 }, { "model": "lily_pad1", "y": 90, "weight":6 }, { "model": "lily_pad1", "y": 180, "weight":6 }, { "model": "lily_pad1", "y": 270, "weight":6 },
            { "model": "lily_pad2", "weight":3 }, { "model": "lily_pad2", "y": 90, "weight":3 }, { "model": "lily_pad2", "y": 180, "weight":3 }, { "model": "lily_pad2", "y": 270, "weight":3 },
            { "model": "lily_pad3", "weight":6 }, { "model": "lily_pad3", "y": 90, "weight":6 }, { "model": "lily_pad3", "y": 180, "weight":6 }, { "model": "lily_pad3", "y": 270, "weight":6 },
            { "model": "lily_pad4", "weight":3 }, { "model": "lily_pad4", "y": 90, "weight":3 }, { "model": "lily_pad4", "y": 180, "weight":3 }, { "model": "lily_pad4", "y": 270, "weight":3 },
            { "model": "lily_pad5", "weight":1 }, { "model": "lily_pad5", "y": 90, "weight":1 }, { "model": "lily_pad5", "y": 180, "weight":1 }, { "model": "lily_pad5", "y": 270, "weight":1 },
            { "model": "lily_pad6", "weight":1 }, { "model": "lily_pad6", "y": 90, "weight":1 }, { "model": "lily_pad6", "y": 180, "weight":1 }, { "model": "lily_pad6", "y": 270, "weight":1 },
            { "model": "lily_pad7", "weight":1 }, { "model": "lily_pad7", "y": 90, "weight":1 }, { "model": "lily_pad7", "y": 180, "weight":1 }, { "model": "lily_pad7", "y": 270, "weight":1 },
            { "model": "lily_pad8", "weight":1 }, { "model": "lily_pad8", "y": 90, "weight":1 }, { "model": "lily_pad8", "y": 180, "weight":1 }, { "model": "lily_pad8", "y": 270, "weight":1 }
         ]
    }
}
