{
	"textures": {"1": "blocks/lily_lotus"},
	"elements": [
		{
			"name": "stem",
			"from": [5, 0, 5],
			"to": [6, 5, 6],
			"faces": {
				"north": {"uv": [2, 11, 3, 16], "texture": "#1"},
				"east": {"uv": [2, 11, 3, 16], "texture": "#1"},
				"south": {"uv": [2, 11, 3, 16], "texture": "#1"},
				"west": {"uv": [2, 11, 3, 16], "texture": "#1"},
				"up": {"uv": [2, 11, 3, 12], "texture": "#1"},
				"down": {"uv": [2, 11, 3, 12], "texture": "#1"}
			},
			"type": "cube"
		},
		{
			"name": "seedpod",
			"from": [4, 5, 4],
			"to": [7, 6, 7],
			"faces": {
				"north": {"uv": [4, 7, 7, 8], "texture": "#1"},
				"east": {"uv": [4, 7, 7, 8], "texture": "#1"},
				"south": {"uv": [4, 7, 7, 8], "texture": "#1"},
				"west": {"uv": [4, 7, 7, 8], "texture": "#1"},
				"up": {"uv": [8, 7, 11, 10], "texture": "#1"},
				"down": {"uv": [0, 7, 3, 10], "texture": "#1"}
			},
			"type": "cube"
		},
		{
			"name": "petal4",
			"from": [2.5, 5.5, 4],
			"to": [3.5, 8.5, 7],
			"faces": {
				"north": {"uv": [0, 0, 1, 3], "texture": "#1"},
				"east": {"uv": [0, 0, 3, 3], "texture": "#1"},
				"south": {"uv": [0, 0, 1, 3], "texture": "#1"},
				"west": {"uv": [0, 0, 3, 3], "texture": "#1"},
				"up": {"uv": [0, 0, 3, 1], "texture": "#1"},
				"down": {"uv": [0, 2, 3, 3], "texture": "#1"}
			},
			"rotation": {
				"origin": [3, 7, 5.5],
				"axis": "z",
				"angle": 22.5
			},
			"type": "cube"
		},
		{
			"name": "petal3",
			"from": [7.5, 5.5, 4],
			"to": [8.5, 8.5, 7],
			"faces": {
				"north": {"uv": [0, 0, 1, 3], "texture": "#1"},
				"east": {"uv": [0, 0, 3, 3], "texture": "#1"},
				"south": {"uv": [0, 0, 1, 3], "texture": "#1"},
				"west": {"uv": [0, 0, 3, 3], "texture": "#1"},
				"up": {"uv": [0, 0, 3, 1], "texture": "#1"},
				"down": {"uv": [0, 2, 3, 3], "texture": "#1"}
			},
			"rotation": {
				"origin": [8, 7, 5.5],
				"axis": "z",
				"angle": -22.5
			},
			"type": "cube"
		},
		{
			"name": "petal2",
			"from": [4, 5.5, 7.5],
			"to": [7, 8.5, 8.5],
			"faces": {
				"north": {"uv": [0, 0, 3, 3], "texture": "#1"},
				"east": {"uv": [0, 0, 1, 3], "texture": "#1"},
				"south": {"uv": [0, 0, 3, 3], "texture": "#1"},
				"west": {"uv": [0, 0, 1, 3], "texture": "#1"},
				"up": {"uv": [0, 0, 3, 1], "texture": "#1"},
				"down": {"uv": [0, 2, 3, 3], "texture": "#1"}
			},
			"rotation": {
				"origin": [5.5, 7, 8],
				"axis": "x",
				"angle": 22.5
			},
			"type": "cube"
		},
		{
			"name": "petal1",
			"from": [4, 5.5, 2.5],
			"to": [7, 8.5, 3.5],
			"faces": {
				"north": {"uv": [0, 0, 3, 3], "texture": "#1"},
				"east": {"uv": [0, 0, 1, 3], "texture": "#1"},
				"south": {"uv": [0, 0, 3, 3], "texture": "#1"},
				"west": {"uv": [0, 0, 1, 3], "texture": "#1"},
				"up": {"uv": [0, 0, 3, 1], "texture": "#1"},
				"down": {"uv": [0, 2, 3, 3], "texture": "#1"}
			},
			"rotation": {
				"origin": [5.5, 7, 3],
				"axis": "x",
				"angle": -22.5
			},
			"type": "cube"
		},
		{
			"name": "anther4",
			"from": [6, 6, 6],
			"to": [7, 7, 7],
			"faces": {
				"north": {"uv": [12, 7, 13, 8], "texture": "#1"},
				"east": {"uv": [12, 7, 13, 8], "texture": "#1"},
				"south": {"uv": [12, 7, 13, 8], "texture": "#1"},
				"west": {"uv": [12, 7, 13, 8], "texture": "#1"},
				"up": {"uv": [12, 7, 13, 8], "texture": "#1"},
				"down": {"uv": [12, 7, 13, 8], "texture": "#1"}
			},
			"type": "cube"
		},
		{
			"name": "anther3",
			"from": [4, 6, 6],
			"to": [5, 7, 7],
			"faces": {
				"north": {"uv": [12, 7, 13, 8], "texture": "#1"},
				"east": {"uv": [12, 7, 13, 8], "texture": "#1"},
				"south": {"uv": [12, 7, 13, 8], "texture": "#1"},
				"west": {"uv": [12, 7, 13, 8], "texture": "#1"},
				"up": {"uv": [12, 7, 13, 8], "texture": "#1"},
				"down": {"uv": [12, 7, 13, 8], "texture": "#1"}
			},
			"type": "cube"
		},
		{
			"name": "anther2",
			"from": [6, 6, 4],
			"to": [7, 7, 5],
			"faces": {
				"north": {"uv": [12, 7, 13, 8], "texture": "#1"},
				"east": {"uv": [12, 7, 13, 8], "texture": "#1"},
				"south": {"uv": [12, 7, 13, 8], "texture": "#1"},
				"west": {"uv": [12, 7, 13, 8], "texture": "#1"},
				"up": {"uv": [12, 7, 13, 8], "texture": "#1"},
				"down": {"uv": [12, 7, 13, 8], "texture": "#1"}
			},
			"type": "cube"
		},
		{
			"name": "anther1",
			"from": [4, 6, 4],
			"to": [5, 7, 5],
			"faces": {
				"north": {"uv": [12, 7, 13, 8], "texture": "#1"},
				"east": {"uv": [12, 7, 13, 8], "texture": "#1"},
				"south": {"uv": [12, 7, 13, 8], "texture": "#1"},
				"west": {"uv": [12, 7, 13, 8], "texture": "#1"},
				"up": {"uv": [12, 7, 13, 8], "texture": "#1"},
				"down": {"uv": [12, 7, 13, 8], "texture": "#1"}
			},
			"type": "cube"
		}
	],
	"groups": [
		{
			"name": "lotus",
			"isOpen": true,
			"display": {"visibility": true, "autouv": true},
			"children": [0, 1, 2, 3, 4, 5, 6, 7, 8, 9]
		}
	]
}